RA_CODE_2016,One_method_Train_M,One_method_Train_F,One_method_Train_P,One_method_Bus_M,One_method_Bus_F,One_method_Bus_P,One_method_Ferry_M,One_method_Ferry_F,One_method_Ferry_P,One_met_Tram_incl_lt_rail_M,One_met_Tram_incl_lt_rail_F,One_met_Tram_incl_lt_rail_P,One_method_Taxi_M,One_method_Taxi_F,One_method_Taxi_P,One_method_Car_as_driver_M,One_method_Car_as_driver_F,One_method_Car_as_driver_P,One_method_Car_as_passenger_M,One_method_Car_as_passenger_F,One_method_Car_as_passenger_P,One_method_Truck_M,One_method_Truck_F,One_method_Truck_P,One_method_Motorbike_scootr_M,One_method_Motorbike_scootr_F,One_method_Motorbike_scootr_P,One_method_Bicycle_M,One_method_Bicycle_F,One_method_Bicycle_P,One_method_Other_M,One_method_Other_F,One_method_Other_P,One_method_Walked_only_M,One_method_Walked_only_F,One_method_Walked_only_P,One_method_Tot_one_method_M,One_method_Tot_one_method_F,One_method_Tot_one_method_P,Two_methods_Train_Bus_M,Two_methods_Train_Bus_F,Two_methods_Train_Bus_P,Two_methods_Train_Ferry_M,Two_methods_Train_Ferry_F,Two_methods_Train_Ferry_P,Two_mt_trn_Trm_incl_lt_rl_M,Two_mt_trn_Trm_incl_lt_rl_F,Two_mt_trn_Trm_incl_lt_rl_P,Two_methods_Trn_Car_as_drvr_M,Two_methods_Trn_Car_as_drvr_F,Two_methods_Trn_Car_as_drvr_P,Two_methods_Trn_Car_as_pass_M,Two_methods_Trn_Car_as_pass_F,Two_methods_Trn_Car_as_pass_P,Two_methods_Train_Other_M,Two_methods_Train_Other_F,Two_methods_Train_Other_P,Two_methods_Train_Tot_M,Two_methods_Train_Tot_F,Two_methods_Train_Tot_P,Two_methods_Bus_Ferry_M,Two_methods_Bus_Ferry_F,Two_methods_Bus_Ferry_P,Two_mth_Bu_Trm_inc_lt_rl_M,Two_mth_Bu_Trm_inc_lt_rl_F,Two_mth_Bu_Trm_inc_lt_rl_P,Two_methods_Bus_Car_as_drvr_M,Two_methods_Bus_Car_as_drvr_F,Two_methods_Bus_Car_as_drvr_P,Two_methods_Bus_Car_as_pass_M,Two_methods_Bus_Car_as_pass_F,Two_methods_Bus_Car_as_pass_P,Two_methods_Bus_Other_M,Two_methods_Bus_Other_F,Two_methods_Bus_Other_P,Two_methods_Bus_Tot_M,Two_methods_Bus_Tot_F,Two_methods_Bus_Tot_P,Two_methds_Othr_two_methds_M,Two_methds_Othr_two_methds_F,Two_methds_Othr_two_methds_P,Two_methods_Tot_two_methods_M,Two_methods_Tot_two_methods_F,Two_methods_Tot_two_methods_P,Three_meth_Trn_two_othr_met_M,Three_meth_Trn_two_othr_met_F,Three_meth_Trn_two_othr_met_P,Three_met_Bs_2_ot_met_ex_tr_M,Three_met_Bs_2_ot_met_ex_tr_F,Three_met_Bs_2_ot_met_ex_tr_P,Three_meth_Othr_three_meth_M,Three_meth_Othr_three_meth_F,Three_meth_Othr_three_meth_P,Three_meth_Tot_three_meth_M,Three_meth_Tot_three_meth_F,Three_meth_Tot_three_meth_P,Worked_home_M,Worked_home_F,Worked_home_P,Did_not_go_to_work_M,Did_not_go_to_work_F,Did_not_go_to_work_P,Method_travel_to_work_ns_M,Method_travel_to_work_ns_F,Method_travel_to_work_ns_P,Tot_M,Tot_F,Tot_P
RA10,130841,119791,250631,60007,70409,130412,4425,3159,7577,1323,1328,2649,3523,2194,5720,803052,624667,1427720,43562,61982,105544,21059,359,21418,15052,1955,17003,15070,4227,19294,8582,4572,13147,48193,51484,99682,1154685,946121,2100804,29324,30494,59813,869,722,1592,774,698,1477,18822,13986,32806,3399,6274,9677,2334,1033,3365,55527,53209,108732,793,619,1413,206,249,454,2811,2809,5622,1129,2413,3543,857,706,1567,5802,6796,12599,9678,5074,14746,71006,65075,136080,7635,7096,14727,581,531,1109,462,167,623,8674,7792,16464,44549,64042,108590,79941,132764,212708,13069,10536,23608,1371927,1226334,2598257
RA11,977,779,1761,1284,1129,2414,87,37,128,31,41,70,371,416,784,214330,191829,406160,14087,15820,29910,8000,230,8230,2775,261,3033,2516,765,3273,2475,1143,3618,10377,9673,20053,257320,222117,479439,120,102,218,13,16,28,9,0,12,743,584,1327,101,101,200,55,27,85,1039,834,1871,4,4,6,0,3,3,103,103,198,99,151,249,45,22,69,246,280,530,2359,1177,3528,3641,2286,5930,198,145,340,39,26,69,141,51,190,382,221,603,14891,19363,34257,23955,38029,61986,3775,3439,7213,303958,285466,589423
RA12,78,39,120,523,247,765,23,15,34,3,3,10,87,85,175,58907,51579,110485,4246,4175,8421,2837,143,2976,831,127,963,447,151,599,1168,509,1677,5164,4293,9453,74310,61365,135674,14,10,25,0,0,0,0,0,0,38,25,57,12,15,24,3,0,3,61,50,115,0,0,0,0,0,0,67,16,85,19,36,56,4,8,15,97,56,156,707,291,1004,872,401,1271,31,17,41,4,3,5,75,28,101,108,43,150,9657,8381,18040,6753,10208,16955,1529,1346,2873,93223,81738,174964
RA13,0,0,0,80,40,116,0,0,0,3,0,3,3,3,9,3818,3012,6831,328,305,629,181,17,192,70,19,88,45,20,65,150,72,216,536,530,1066,5209,4015,9218,0,0,0,0,0,0,0,0,0,3,0,3,0,0,0,0,0,0,3,0,4,0,0,0,0,0,0,0,3,6,0,0,0,0,0,0,0,6,7,61,21,76,62,27,91,0,5,5,0,0,0,18,3,18,17,4,19,935,772,1712,386,575,961,114,92,201,6723,5484,12204
RA14,0,0,0,4,7,9,0,0,0,0,0,0,0,0,0,449,378,829,50,44,91,40,3,41,40,15,58,39,27,61,24,18,40,189,166,354,826,653,1485,0,0,0,0,0,0,0,0,0,0,0,0,0,0,0,0,0,0,0,0,0,0,0,0,0,0,0,0,0,0,0,0,0,0,0,0,0,0,0,21,9,27,21,9,27,0,0,0,0,0,0,8,4,14,8,4,14,176,145,314,57,67,128,34,26,57,1121,903,2028
RA15,0,4,4,0,0,0,0,0,0,0,0,0,0,0,0,14,15,24,0,0,0,0,0,0,0,0,0,0,0,0,0,0,0,0,0,0,21,21,40,0,0,0,0,0,0,0,0,0,0,0,0,0,0,0,0,0,0,0,0,0,0,0,0,0,0,0,0,0,0,0,0,0,0,0,0,0,0,0,0,0,0,0,0,0,0,0,0,0,0,0,0,0,0,0,0,0,0,0,0,30,50,79,5,3,7,59,72,130
RA19,152,122,272,78,98,174,8,0,8,4,0,5,4,3,12,914,440,1355,125,98,221,36,0,36,13,4,21,33,6,39,68,34,106,190,164,352,1624,975,2603,57,38,95,0,0,0,0,0,0,11,7,18,0,10,11,4,0,4,79,49,128,0,0,3,0,0,0,0,0,0,3,0,4,0,0,4,8,3,11,19,6,21,101,55,158,15,11,24,0,0,0,0,0,0,18,7,25,60,51,112,190,163,360,46,29,74,2042,1291,3331
RA20,81147,72405,153557,11973,14015,25991,328,124,450,22883,27963,50843,2769,1415,4184,724870,569705,1294573,34604,49403,84006,11293,222,11511,6940,773,7717,21477,8918,30395,6912,3610,10521,31322,33020,64339,956513,781574,1738087,11104,9600,20707,12,14,24,7944,8163,16101,15150,11218,26363,2079,3694,5775,2198,936,3135,38490,33623,72111,11,4,14,1150,1614,2764,748,718,1472,605,1135,1741,220,202,426,2737,3672,6413,8642,5927,14570,49870,43221,93091,9018,9242,18265,317,355,672,507,303,803,9842,9904,19744,36484,51043,87525,67391,119625,187013,10322,8434,18757,1130425,1013798,2144221
RA21,2263,1756,4019,1242,1030,2269,72,37,114,85,95,182,319,258,581,178294,151971,330266,10368,11263,21636,4122,129,4253,1454,233,1688,2220,682,2903,1859,801,2662,9267,7881,17140,211574,176135,387709,139,128,267,0,0,0,110,98,206,1142,791,1937,110,148,259,111,30,138,1613,1192,2807,6,0,6,8,0,7,79,87,164,82,126,213,52,19,69,229,232,456,1725,775,2502,3567,2203,5766,535,489,1024,30,22,59,105,18,119,670,530,1205,14222,15509,29735,20629,35307,55937,3225,2923,6148,253894,232609,486498
RA22,48,27,71,266,185,456,23,4,33,8,12,22,63,44,103,35023,30178,65204,2228,2488,4713,891,31,921,392,65,454,475,153,634,790,252,1043,3232,2704,5939,43456,36142,79594,5,3,10,0,0,0,0,0,3,10,13,15,0,0,0,0,0,0,17,15,32,0,0,0,0,0,0,12,11,19,12,14,23,8,3,9,22,26,47,346,180,525,384,224,608,15,3,17,7,0,10,48,6,52,63,15,81,5005,4416,9423,4152,6733,10885,843,744,1592,53900,48279,102180
RA23,0,0,0,4,3,8,0,0,0,0,0,0,0,0,0,337,255,590,11,10,23,15,0,17,3,0,3,9,9,19,20,7,32,74,75,155,476,367,843,0,0,0,0,0,0,0,0,0,0,0,0,0,0,0,0,0,0,0,0,0,0,0,0,0,0,0,0,0,0,0,0,0,0,0,0,0,0,0,5,3,7,5,4,9,0,0,0,0,0,0,3,0,3,4,0,4,91,77,174,49,89,140,8,3,16,637,544,1179
RA25,0,0,0,0,0,0,0,0,0,0,0,0,0,0,0,0,0,0,0,0,0,0,0,0,0,0,0,0,0,0,9,0,9,0,0,0,16,0,16,0,0,0,0,0,0,0,0,0,0,0,0,0,0,0,0,0,0,0,0,0,0,0,0,0,0,0,0,0,0,0,0,0,0,0,0,0,0,0,3,0,3,3,0,3,0,0,0,0,0,0,0,0,0,3,0,3,0,0,0,0,0,0,0,0,0,23,0,23
RA29,60,36,101,22,18,42,0,0,0,39,49,85,10,3,10,582,275,859,70,59,126,17,0,17,14,0,14,17,8,19,36,16,50,140,83,227,1002,549,1552,9,18,24,0,0,0,5,9,20,4,7,8,0,0,0,4,0,7,29,35,64,0,0,0,3,0,3,0,0,0,0,0,0,0,0,0,3,0,3,13,7,14,39,41,83,14,9,21,0,0,0,0,0,0,12,9,24,25,38,69,138,134,274,19,18,33,1242,786,2033
RA30,19962,21602,41563,24353,29933,54287,1195,1193,2393,797,991,1791,1348,954,2307,476696,406062,882755,29237,39974,69204,10933,243,11177,12017,1272,13287,11557,3473,15026,6046,2799,8848,19421,19622,39043,613560,528109,1141668,3453,3572,7024,27,33,64,20,25,48,5460,5556,11015,938,1325,2259,766,202,972,10673,10709,21384,275,273,551,217,354,575,1733,2331,4064,772,1741,2512,476,352,822,3478,5049,8532,6305,3388,9699,20462,19155,39611,1803,1776,3576,520,471,993,364,153,516,2683,2400,5086,28192,40773,68961,51651,80755,132401,5670,4819,10489,722218,676011,1398230
RA31,329,287,617,2776,851,3625,185,48,233,11,6,25,298,307,606,137159,124276,261433,10344,11641,21985,4927,157,5087,2985,270,3254,1892,528,2418,1675,723,2404,5869,5351,11223,168445,144457,312902,39,40,80,0,3,3,0,0,0,405,354,756,39,53,90,13,10,27,492,457,956,134,35,172,0,0,0,224,123,350,67,98,166,55,27,84,487,292,779,2065,903,2976,3050,1655,4706,77,87,163,617,140,754,118,31,150,810,259,1064,8892,12366,21259,17169,23008,40170,2220,1895,4118,200581,183644,384225
RA32,42,33,76,3119,1623,4740,151,83,236,19,13,28,258,257,515,102123,94070,196195,8376,9367,17737,2897,99,3001,2257,355,2611,2620,1028,3651,2268,783,3052,6544,5363,11902,130673,113078,243753,0,8,11,0,0,0,0,0,0,28,23,47,5,5,12,5,4,5,36,40,73,30,26,53,0,0,0,261,74,334,110,148,256,85,42,126,491,289,779,1541,820,2361,2067,1143,3203,16,5,25,110,69,178,137,70,207,264,143,411,7218,8842,16063,13142,16376,29523,1888,1502,3394,155261,141088,296351
RA33,9,3,10,627,159,789,18,9,35,0,0,3,34,50,85,9840,7680,17520,955,853,1807,364,21,389,263,51,313,199,66,266,458,232,689,1768,1610,3375,14552,10732,25283,3,0,3,0,0,0,0,0,0,4,3,5,0,0,0,0,0,0,7,4,13,3,3,6,0,0,0,49,15,58,3,7,12,11,0,7,63,27,89,198,99,298,269,126,397,6,0,6,7,5,13,25,9,38,39,16,55,1766,1657,3426,1321,1400,2723,266,218,485,18211,14157,32366
RA34,3,0,0,155,63,219,22,12,37,0,0,0,16,17,35,5471,4310,9787,673,754,1431,237,22,265,114,37,145,171,104,277,406,196,597,2188,2327,4513,9460,7844,17305,0,0,0,0,0,0,0,0,0,3,0,3,0,0,0,0,0,0,3,0,4,4,0,7,0,0,0,3,0,3,4,3,7,3,3,7,13,13,21,113,79,193,130,91,224,6,0,6,3,3,10,28,9,36,38,14,49,1374,1243,2618,707,824,1533,222,186,411,11934,10205,22137
RA35,0,0,0,0,0,0,0,0,0,0,0,0,0,0,0,8,9,12,0,3,3,0,0,0,0,0,0,0,0,0,0,3,5,4,0,4,11,15,22,0,0,0,0,0,0,0,0,0,0,0,0,0,0,0,0,0,0,0,0,0,0,0,0,0,0,0,0,0,0,0,0,0,0,0,0,0,0,0,0,0,0,0,0,0,0,0,0,0,0,0,0,0,0,0,0,0,0,0,3,19,15,38,0,0,0,31,33,60
RA39,13,26,36,83,86,172,3,5,10,3,0,3,8,4,10,811,453,1259,162,174,334,35,5,36,20,3,23,24,14,41,63,38,100,182,223,407,1398,1030,2428,11,6,17,0,0,0,0,0,0,3,5,8,0,3,3,4,0,4,19,11,29,0,0,0,0,0,0,7,0,3,0,0,0,0,3,3,5,5,9,25,10,28,46,25,72,3,6,8,3,0,3,4,0,3,12,5,20,35,56,93,208,197,404,46,25,64,1743,1336,3087
RA40,4186,4734,8915,12156,15746,27894,80,26,98,1179,1569,2739,736,403,1142,200373,165241,365617,9741,15586,25327,2736,71,2805,2395,275,2671,4988,1622,6613,2540,848,3392,6194,5987,12179,247307,212101,459408,816,703,1519,3,0,3,88,109,197,753,959,1710,104,167,275,144,43,189,1904,1985,3889,4,0,3,140,177,315,958,1558,2510,328,810,1139,188,144,333,1620,2685,4307,2596,1883,4480,6119,6551,12672,333,448,778,170,214,388,136,74,209,644,738,1377,8097,10845,18944,21287,36590,57872,2261,2034,4293,285707,268859,554564
RA41,55,53,105,465,424,886,12,5,23,3,6,10,32,50,85,35148,29609,64762,1773,2267,4044,841,30,865,310,27,341,287,64,347,547,157,708,1583,1258,2840,41066,33953,75016,14,10,26,0,0,0,0,0,0,81,93,171,10,8,13,0,0,0,99,114,215,0,0,0,0,0,0,155,252,410,30,43,71,16,10,22,196,304,497,356,142,498,651,558,1206,11,20,34,11,11,28,23,3,30,48,40,89,2874,3118,5989,4273,6970,11240,545,483,1026,49450,45120,94566
RA42,11,7,18,376,83,458,16,5,18,0,3,5,73,45,113,24997,21521,46522,1685,1718,3398,629,22,645,283,42,322,285,69,352,529,170,696,1976,1538,3514,30861,25209,56068,3,0,3,0,0,0,0,0,0,11,3,9,0,0,0,0,0,0,13,3,13,0,0,0,0,0,0,77,8,85,8,3,12,5,3,10,97,14,109,303,107,413,414,121,533,5,3,7,6,5,7,23,9,36,36,15,52,2911,2553,5463,3388,4631,8017,499,431,929,38100,32967,71067
RA43,3,0,3,181,24,200,0,3,5,0,0,0,12,20,31,6778,5566,12341,459,398,857,135,4,140,65,11,75,67,30,98,176,36,214,644,533,1175,8511,6629,15139,0,0,0,0,0,0,0,0,0,0,3,4,0,0,0,0,3,3,3,8,6,0,0,0,0,0,0,10,0,13,9,0,8,3,0,7,24,5,22,80,22,104,102,34,138,0,0,5,4,0,3,12,3,12,16,3,21,898,866,1764,1065,1280,2342,122,121,250,10715,8927,19648
RA44,0,0,0,89,27,111,3,0,3,0,0,0,5,0,3,1567,1193,2756,143,146,289,45,0,45,18,3,21,30,6,35,109,26,132,461,476,931,2459,1876,4336,0,0,0,0,0,0,0,0,0,0,0,0,0,0,0,0,0,0,0,0,0,0,0,0,0,0,0,3,0,3,0,0,0,3,0,4,4,0,9,36,8,43,44,12,51,0,0,0,4,0,4,12,0,12,17,0,17,270,226,500,221,279,497,74,53,133,3084,2442,5529
RA45,0,0,0,0,0,0,0,0,0,0,0,0,0,0,0,0,0,0,0,0,0,0,0,0,0,0,0,0,0,0,6,0,6,0,0,0,6,0,3,0,0,0,0,0,0,0,0,0,0,0,0,0,0,0,0,0,0,0,0,0,0,0,0,0,0,0,0,0,0,0,0,0,0,0,0,0,0,0,0,0,0,0,0,0,0,0,0,0,0,0,0,0,0,0,0,0,0,0,0,0,0,0,0,0,0,6,0,3
RA49,3,3,4,22,12,34,0,0,0,0,0,0,3,0,3,251,102,355,37,49,85,6,0,9,5,0,6,3,3,6,11,3,21,26,24,50,372,200,577,0,0,4,0,0,0,0,0,0,0,0,0,0,0,0,0,0,0,3,0,3,0,0,0,0,4,4,0,0,3,0,0,0,0,0,0,3,0,3,3,0,4,8,3,17,0,0,0,0,0,0,0,0,0,0,4,4,14,11,18,64,47,112,8,0,10,465,263,734
RA50,12379,13293,25670,19396,14495,33887,147,60,209,87,53,139,1133,539,1668,316930,266301,583229,18604,23187,41798,5796,167,5958,3877,421,4296,7270,2076,9346,8760,2234,10991,9340,9187,18524,403712,332015,735730,7338,6829,14166,7,5,11,9,7,13,4526,4815,9340,612,991,1607,573,192,770,13062,12845,25904,25,14,41,9,4,9,714,815,1525,443,813,1256,408,166,570,1598,1808,3404,3796,1692,5486,18447,16351,34799,2120,2493,4619,268,134,402,177,64,236,2567,2689,5254,13445,21189,34633,38035,51742,89773,4975,3664,8640,481176,427663,908835
RA51,55,56,107,1477,293,1763,7,0,11,3,4,6,37,33,71,32449,29139,61589,2635,2414,5047,914,39,955,284,55,343,487,227,717,1027,253,1283,1488,1274,2760,40858,33799,74656,8,17,22,0,0,0,0,0,0,103,120,227,9,13,24,7,0,7,130,155,285,0,0,0,0,0,0,81,24,106,23,28,56,45,8,54,154,64,216,418,144,569,700,364,1063,15,26,39,33,7,42,27,6,38,73,46,116,2189,3200,5387,5509,6283,11788,763,549,1311,50097,44239,94331
RA52,12,9,24,1127,252,1380,13,3,13,3,3,7,81,91,178,27901,24380,52276,2271,2277,4547,838,34,873,375,89,465,475,149,620,775,230,1013,1986,1731,3722,35856,29248,65105,3,6,9,0,0,0,0,0,0,10,8,21,0,0,0,3,0,3,14,14,31,0,0,0,0,0,0,85,21,104,18,11,28,19,6,31,125,35,166,334,141,472,474,196,667,0,0,0,7,6,14,27,8,35,36,16,50,2635,2862,5499,3862,4565,8428,622,473,1093,43485,37360,80846
RA53,16,3,18,760,170,932,11,0,11,3,0,4,39,39,81,13775,10660,24435,1294,1103,2393,382,11,391,352,124,485,371,216,582,448,158,602,1335,1188,2521,18770,13684,32456,0,0,3,0,0,0,0,0,0,3,6,6,0,0,0,0,0,3,6,5,12,0,0,0,0,0,0,19,8,28,8,13,22,14,0,15,40,22,66,152,85,237,200,120,317,0,0,3,9,0,11,20,4,24,28,6,40,1305,1442,2739,1970,2056,4029,396,266,661,22670,17578,40239
RA54,9,5,18,5859,711,6574,13,3,17,0,0,0,35,12,45,6348,4536,10883,1446,796,2241,275,13,290,106,51,160,242,197,444,1300,305,1611,1991,2089,4076,17645,8714,26356,3,0,5,0,0,0,0,0,0,0,0,3,0,0,0,3,0,3,7,3,7,0,0,0,0,0,0,38,11,50,15,5,16,43,3,50,95,17,117,147,62,212,252,82,336,7,0,7,48,13,58,16,0,18,71,18,84,518,514,1035,1427,1021,2448,824,291,1114,20737,10639,31369
RA55,0,0,0,0,0,0,3,0,3,0,0,0,0,0,0,12,0,13,3,0,3,0,0,0,0,0,0,0,0,0,218,11,226,55,5,56,296,11,309,0,0,0,0,0,0,0,0,0,0,0,0,0,0,0,0,0,0,0,0,0,0,0,0,0,0,0,0,0,0,0,0,0,0,0,0,0,0,0,0,0,0,0,0,0,0,0,0,0,0,0,0,0,0,0,0,0,7,0,7,4,3,6,14,0,14,316,17,334
RA59,11,14,24,175,34,207,3,0,3,0,0,0,3,0,3,398,200,603,91,53,138,28,6,32,7,3,9,11,7,12,72,25,97,113,130,244,899,472,1371,9,8,21,0,0,0,0,0,0,3,3,3,0,0,0,0,0,0,14,12,30,0,0,0,0,0,0,3,0,4,0,0,0,0,0,0,3,3,4,5,5,15,28,20,48,3,0,3,0,3,3,0,0,0,5,3,8,16,33,48,135,99,229,46,17,69,1128,648,1773
RA61,26,15,46,2092,2699,4794,21,10,28,6,14,24,283,212,492,51884,45831,97714,3655,5732,9390,890,20,912,829,109,941,1130,333,1460,578,250,825,3776,3889,7665,65193,59110,124306,8,8,7,0,0,0,0,0,4,16,9,27,0,3,0,7,0,10,27,20,44,0,0,3,0,0,0,104,277,381,98,202,305,32,54,84,240,533,773,623,423,1045,883,976,1861,8,4,16,38,44,85,37,17,55,82,72,155,2469,3081,5549,6309,10953,17260,721,639,1360,75654,74822,150484
RA62,3,4,9,242,168,403,8,3,5,6,4,11,28,41,68,22102,19084,41191,1364,1557,2918,721,13,735,255,39,297,125,39,169,368,133,501,1316,1069,2387,26537,22156,48691,3,0,3,0,0,0,0,0,0,5,6,10,0,3,3,0,0,0,15,7,15,0,0,0,0,0,0,31,25,64,15,23,38,4,6,11,50,52,108,234,96,330,305,157,453,0,0,3,5,4,8,13,6,22,21,14,38,2095,2109,4206,2964,4472,7438,451,372,827,32381,29273,61651
RA63,0,0,0,5,3,6,0,0,0,0,0,0,0,3,3,909,730,1641,67,78,149,29,3,30,27,12,42,11,6,16,37,10,43,125,146,276,1221,993,2218,0,0,0,0,0,0,0,0,0,0,0,0,0,0,0,0,0,0,0,0,0,0,0,0,0,0,0,0,0,0,0,0,0,0,0,0,0,0,0,12,10,23,17,10,20,0,0,0,0,0,0,3,0,3,3,0,3,113,105,224,194,213,405,25,34,58,1579,1348,2922
RA64,0,0,0,0,0,0,0,0,0,0,0,0,0,0,0,422,301,723,32,26,61,9,0,11,9,3,15,8,4,8,18,4,18,41,56,95,537,396,933,0,0,0,0,0,0,0,0,0,0,0,0,0,0,0,0,0,0,0,0,0,0,0,0,0,0,0,0,0,0,0,0,0,0,0,0,0,0,0,16,5,20,16,5,20,0,0,0,0,0,0,0,0,0,0,0,0,91,74,159,39,71,108,6,3,9,684,545,1229
RA65,0,0,0,0,0,0,0,0,0,0,0,0,0,0,0,11,5,19,0,0,0,0,0,0,0,0,0,0,0,0,21,0,18,7,0,7,33,5,37,0,0,0,0,0,0,0,0,0,0,0,0,0,0,0,0,0,0,0,0,0,0,0,0,0,0,0,0,0,0,0,0,0,0,0,0,0,0,0,0,0,0,0,0,0,0,0,0,0,0,0,0,0,0,0,0,0,0,0,0,6,5,5,0,0,0,38,9,47
RA69,0,0,0,9,8,10,0,0,0,0,0,0,0,0,0,72,43,113,16,8,23,0,0,0,4,0,4,4,0,8,3,0,10,9,11,18,120,72,189,0,0,0,0,0,0,0,0,0,0,0,0,0,0,0,0,0,0,0,0,0,0,0,0,0,0,0,0,0,0,0,0,0,0,0,0,0,0,0,3,3,3,4,3,8,0,0,0,0,0,0,0,0,0,0,0,0,0,0,0,22,26,45,3,0,3,152,98,247
RA72,16,16,38,2857,1265,4126,13,3,16,7,6,12,92,86,183,24842,21360,46207,1838,2538,4374,368,9,375,865,177,1043,929,571,1503,528,175,701,1487,1348,2831,33845,27563,61403,4,0,4,0,0,0,0,0,0,7,6,18,0,0,0,0,0,0,13,8,24,0,0,0,0,0,0,790,136,929,76,107,183,125,24,150,995,271,1260,362,203,560,1364,480,1843,4,3,7,43,27,65,23,16,35,63,44,109,638,1105,1742,2499,2937,5439,471,351,824,38883,32474,71357
RA73,4,0,5,287,102,386,13,7,19,0,3,3,42,48,82,6110,5793,11906,594,812,1404,123,5,130,196,62,255,488,348,840,159,73,229,823,904,1728,8829,8157,16991,3,0,4,0,0,0,0,0,0,0,0,3,0,0,0,0,0,0,4,4,5,3,4,8,0,0,0,15,8,21,6,3,5,6,0,5,30,17,44,122,109,232,152,129,284,0,0,0,7,11,14,10,13,27,23,23,40,262,334,602,685,820,1502,129,131,268,10087,9601,19691
RA74,0,0,0,161,135,295,3,0,3,0,0,0,4,8,11,2112,1534,3642,569,550,1123,38,3,44,59,24,79,116,87,204,143,67,206,1825,2154,3976,5033,4558,9583,0,0,0,0,0,0,0,0,0,0,0,0,0,0,0,0,0,0,0,0,0,0,0,0,0,0,0,5,4,11,3,10,11,4,3,8,17,13,26,67,33,99,83,45,133,3,0,3,3,3,3,8,3,12,10,5,16,147,136,288,319,346,661,198,183,380,5792,5269,11064
RA75,0,0,0,0,0,0,0,0,0,0,0,0,0,0,0,0,0,0,0,0,0,0,0,0,0,0,0,0,0,0,19,0,22,0,0,0,21,3,23,0,0,0,0,0,0,0,0,0,0,0,0,0,0,0,0,0,0,0,0,0,0,0,0,0,0,0,0,0,0,0,0,0,0,0,0,0,0,0,0,0,0,0,0,0,0,0,0,0,0,0,0,0,0,0,0,0,3,0,4,0,0,0,0,0,0,22,4,28
RA79,0,0,0,57,12,64,0,0,0,0,0,0,0,0,0,79,48,127,19,21,42,6,0,6,6,0,6,4,6,15,19,21,39,66,78,142,259,193,450,0,0,0,0,0,0,0,0,0,0,0,0,0,0,0,0,0,0,0,0,0,0,0,0,0,0,0,0,0,0,0,0,3,3,0,3,4,0,4,0,0,0,4,0,5,0,0,0,0,0,0,0,0,0,5,0,5,9,14,26,40,41,75,8,3,9,320,252,574
RA80,97,51,147,5930,6276,12204,23,12,41,25,24,50,192,126,315,69265,61183,130448,4108,8182,12289,953,20,968,1770,207,1970,3726,1632,5358,736,324,1057,4968,4287,9248,91780,82325,174102,17,9,23,0,0,0,3,0,4,47,26,72,0,3,8,11,0,9,78,43,119,0,3,3,3,0,4,401,461,861,254,422,683,159,130,290,822,1012,1839,942,653,1600,1843,1709,3550,24,19,44,91,80,173,61,25,83,173,125,300,2715,3568,6278,7277,12348,19617,637,568,1200,104417,100641,205053
RA81,0,0,0,0,0,0,0,0,0,0,0,0,0,0,0,123,103,225,7,7,12,5,0,5,0,0,0,0,0,0,5,0,5,21,15,37,162,121,286,0,0,0,0,0,0,0,0,0,0,0,0,0,0,0,0,0,0,0,0,0,0,0,0,0,0,0,3,3,3,0,0,0,0,0,0,3,3,3,0,0,3,4,3,9,0,0,0,0,0,0,0,0,0,0,0,0,14,10,24,16,28,45,0,0,0,195,170,369
RA85,0,0,0,0,0,0,0,0,0,0,0,0,0,0,0,0,0,0,0,0,0,0,0,0,0,0,0,0,0,0,0,0,0,0,0,0,0,0,0,0,0,0,0,0,0,0,0,0,0,0,0,0,0,0,0,0,0,0,0,0,0,0,0,0,0,0,0,0,0,0,0,0,0,0,0,0,0,0,0,0,0,0,0,0,0,0,0,0,0,0,0,0,0,0,0,0,0,0,0,0,0,0,0,0,0,0,0,0
RA89,0,0,0,8,14,19,0,0,0,0,0,0,0,0,0,51,49,104,3,11,16,3,0,3,0,0,0,4,5,10,0,0,3,10,9,18,89,87,176,0,0,0,0,0,0,0,0,0,0,0,0,0,0,0,0,0,0,0,0,0,0,0,0,0,0,0,0,0,0,0,0,0,0,0,0,3,0,3,0,3,3,3,3,4,0,0,0,0,0,0,0,0,0,0,0,0,0,0,3,11,9,19,0,3,0,102,101,202
RA91,3,0,3,0,0,0,0,0,0,0,0,0,0,0,0,23,18,45,0,3,3,0,0,0,0,0,0,3,0,3,3,0,3,42,11,54,76,33,109,0,0,0,0,0,0,0,0,0,0,0,0,0,0,0,0,0,0,0,0,0,0,0,0,0,0,0,0,0,0,0,0,0,0,0,0,0,0,0,0,0,0,0,0,0,0,0,0,0,0,0,0,0,0,0,0,0,3,4,4,3,5,10,4,0,3,84,48,135
RA94,3,0,3,28,21,51,28,13,37,0,0,0,0,0,3,654,575,1229,48,61,111,62,8,71,35,13,50,8,5,18,15,7,25,45,59,102,933,767,1701,0,0,0,0,0,0,0,0,0,0,0,0,0,0,0,0,0,0,0,0,0,7,15,21,0,0,0,0,0,0,0,0,0,0,0,0,9,16,26,21,8,23,28,25,50,0,0,0,6,3,4,5,0,5,7,3,15,33,38,71,59,83,143,21,15,32,1087,927,2013
RA95,0,0,0,0,0,0,0,0,0,0,0,0,0,0,0,0,0,0,0,0,0,0,0,0,0,0,0,0,0,0,5,0,5,0,0,3,3,0,3,0,0,0,0,0,0,0,0,0,0,0,0,0,0,0,0,0,0,0,0,0,0,0,0,0,0,0,0,0,0,0,0,0,0,0,0,0,0,0,0,0,0,0,0,0,0,0,0,0,0,0,0,0,0,0,0,0,0,0,0,0,0,0,0,0,0,3,0,6
RA99,0,0,0,0,0,0,0,0,0,0,0,0,0,0,0,0,0,0,0,0,0,0,0,0,0,0,0,0,0,0,3,0,3,0,0,0,4,4,10,0,0,0,0,0,0,0,0,0,0,0,0,0,0,0,0,0,0,0,0,0,0,0,0,0,0,0,0,0,0,0,0,0,0,0,0,0,0,0,0,0,0,0,0,0,0,0,0,0,0,0,0,0,0,0,0,0,0,0,0,0,5,4,0,0,0,8,8,11